job_key,company,title,location,region,track,score,visa,evidence,skills,job_url,canonical_url,application_id,source,search_query,date_posted,discovered_at,checked_at,status
a8876e02dfd0f49d55e8789f,University of Miami,Biostatistician 1,"Hialeah, FL, USA",美国,Pharma,78,JD 未明确,聚合平台发现，需打开公司官网确认申请入口；学历：明确接受博士；经验：最低要求约 1 年；核心专业：24/30；领域迁移：14/20；工具匹配：15/15；工作授权：JD 未明确,R | Python | SAS | Statistics | Biostatistics | Longitudinal data,https://umiami.wd1.myworkdayjobs.com/en-US/UMCareerStaff/job/Hialeah-FL/Biostatistician-1_R100101666,https://umiami.wd1.myworkdayjobs.com/en-US/UMCareerStaff/job/Hialeah-FL/Biostatistician-1_R100101666,,JobSpy · indeed,biostatistician,2026-10-07,2026-10-09T16:51:42.258658+00:00,2026-10-09T16:51:42.258658+00:00,待官网核验
a41cb66f06c41eb1b93216c2,Hinge Health,"Biostatistician, Quantitative Epidemiology","San Francisco, CA, USA",美国,Pharma,74,JD 未明确,聚合平台发现，需打开公司官网确认申请入口；学历：明确接受博士；经验：未写明最低年限；核心专业：24/30；领域迁移：14/20；工具匹配：15/15；工作授权：JD 未明确,R | Python | SQL | SAS | Statistics | Biostatistics | Causal inference,https://www.linkedin.com/jobs/view/4456967146,https://linkedin.com/jobs/view/4456967146,,JobSpy · linkedin,biostatistician,2026-10-08,2026-10-09T16:51:42.258658+00:00,2026-10-09T16:51:42.258658+00:00,待官网核验
55dd5945bd02855fd342ab99,University of Houston,Research Data Scientist,"Houston, TX, USA",美国,Quant,68,JD 未明确,聚合平台发现，需打开公司官网确认申请入口；学历：明确接受博士；经验：未写明最低年限；核心专业：30/30；领域迁移：5/20；工具匹配：12/15；工作授权：JD 未明确,R | Python | SAS | Statistics | Biostatistics | Machine learning | Longitudinal data,https://careers.uh.edu/jobs/research-data-scientist-houston-texas-united-states,https://careers.uh.edu/jobs/research-data-scientist-houston-texas-united-states,,JobSpy · indeed,research scientist biostatistics,2026-10-07,2026-10-09T16:51:42.258658+00:00,2026-10-09T16:51:42.258658+00:00,待官网核验
fdd27d7614c25c9a0192674d,Veramed,Biostatistician,Greater Boston,美国,Pharma,67,JD 未明确,聚合平台发现，需打开公司官网确认申请入口；学历：明确接受博士；经验：未写明最低年限；核心专业：17/30；领域迁移：14/20；工具匹配：15/15；工作授权：JD 未明确,R | Python | SAS | Statistics | Biostatistics | Clinical trials | RWE / HEOR,https://www.linkedin.com/jobs/view/4474828732,https://linkedin.com/jobs/view/4474828732,,JobSpy · linkedin,biostatistician,2026-10-08,2026-10-09T16:51:42.258658+00:00,2026-10-09T16:51:42.258658+00:00,待官网核验
479b92f93e2619b3f0150f21,Keck Medicine of USC,Biostatistician II,"San Diego, CA, USA",美国,Pharma,63,JD 未明确,聚合平台发现，需打开公司官网确认申请入口；学历：明确接受博士；经验：未写明最低年限；核心专业：24/30；领域迁移：8/20；工具匹配：10/15；工作授权：JD 未明确,R | SAS | Statistics | Biostatistics | Clinical trials | Longitudinal data,https://usc.wd5.myworkdayjobs.com/ExternalUSCCareers/job/San-Diego-CA/Biostatistician-II_REQ20181725,https://usc.wd5.myworkdayjobs.com/ExternalUSCCareers/job/San-Diego-CA/Biostatistician-II_REQ20181725,,JobSpy · indeed,biostatistician,2026-10-06,2026-10-09T16:51:42.258658+00:00,2026-10-09T16:51:42.258658+00:00,待官网核验
f8ad41d38f37c217107d7b9b,University of Southern California,Biostatistician II,"San Diego, CA, USA",美国,Pharma,63,JD 未明确,聚合平台发现，需打开公司官网确认申请入口；学历：明确接受博士；经验：未写明最低年限；核心专业：24/30；领域迁移：8/20；工具匹配：10/15；工作授权：JD 未明确,R | SAS | Statistics | Biostatistics | Clinical trials | Longitudinal data,https://usccareers.usc.edu/job/san-diego/biostatistician-ii/1209/101625836672,https://usccareers.usc.edu/job/san-diego/biostatistician-ii/1209/101625836672,,JobSpy · indeed,biostatistician,2026-10-07,2026-10-09T16:51:42.258658+00:00,2026-10-09T16:51:42.258658+00:00,待官网核验
82a1c6fe7a1adc3380323e98,DRW,Quantitative Researcher,"New York, NY, USA",美国,Quant,62,JD 未明确,聚合平台发现，需打开公司官网确认申请入口；学历：明确接受博士；经验：未写明最低年限；核心专业：16/30；领域迁移：13/20；工具匹配：12/15；工作授权：JD 未明确,R | Python | Statistics | Machine learning,https://www.linkedin.com/jobs/view/4440816078,https://linkedin.com/jobs/view/4440816078,,JobSpy · linkedin,quantitative researcher,2026-10-09,2026-10-09T16:51:42.258658+00:00,2026-10-09T16:51:42.258658+00:00,待官网核验
1ad355b2a2dbfb80d6f67941,Tower Research Capital,"Quantitative Researcher, Central Execution Desk","New York, USA",美国,Quant,57,JD 未明确,聚合平台发现，需打开公司官网确认申请入口；学历：明确接受博士；经验：未写明最低年限；核心专业：23/30；领域迁移：5/20；工具匹配：8/15；工作授权：JD 未明确,Python | Statistics | Causal inference | Experimentation | Machine learning,https://www.linkedin.com/jobs/view/4448886597,https://linkedin.com/jobs/view/4448886597,,JobSpy · linkedin,quantitative researcher,2026-10-08,2026-10-09T16:51:42.258658+00:00,2026-10-09T16:51:42.258658+00:00,待官网核验
e4349d1e4a0ef3343c64d52f,Cambia Health Solutions,Healthcare Decision Scientist,"Minnesota, USA",美国,Healthcare AI,56,JD 未明确,聚合平台发现，需打开公司官网确认申请入口；学历：明确接受博士；经验：未写明最低年限；核心专业：30/30；领域迁移：8/20；工具匹配：12/15；工作授权：JD 未明确；硬技能缺口：检测到 1 类未确认的核心研发要求,R | Python | SQL | Statistics | Experimentation | Machine learning | Longitudinal data,https://www.linkedin.com/jobs/view/4473805180,https://linkedin.com/jobs/view/4473805180,,JobSpy · linkedin,health economics outcomes research scientist,2026-10-09,2026-10-09T16:51:42.258658+00:00,2026-10-09T16:51:42.258658+00:00,待官网核验
35908470990d59238247911d,Cobbs Creek Healthcare LLC,"Research Scientist, Real-World Evidence and Health Economics","Newtown Square, PA, USA",美国,Pharma,54,JD 未明确,聚合平台发现，需打开公司官网确认申请入口；学历：明确接受博士；经验：未写明最低年限；核心专业：7/30；领域迁移：14/20；工具匹配：12/15；工作授权：JD 未明确,R | Python | SQL | SAS | RWE / HEOR,https://www.indeed.com/viewjob?jk=42f6e1309733cf95,https://indeed.com/viewjob?jk=42f6e1309733cf95,,JobSpy · indeed,health economics outcomes research scientist,2026-10-06,2026-10-09T16:51:42.258658+00:00,2026-10-09T16:51:42.258658+00:00,待官网核验
f937efa2363f0c02363198ef,Microsoft,Research Scientist - Economist,"Redmond, WA, USA",美国,Healthcare AI,54,JD 未明确,聚合平台发现，需打开公司官网确认申请入口；学历：明确接受博士；经验：未写明最低年限；核心专业：13/30；领域迁移：8/20；工具匹配：12/15；工作授权：JD 未明确,R | Python | Causal inference | Machine learning,https://apply.careers.microsoft.com/careers/job/1970393557024073?utm_source=indeed&domain=microsoft.com,https://apply.careers.microsoft.com/careers/job/1970393557024073?domain=microsoft.com,,JobSpy · indeed,quantitative researcher,2026-10-08,2026-10-09T16:51:42.258658+00:00,2026-10-09T16:51:42.258658+00:00,待官网核验
ca2bb0da94e808cb2e311012,Millennium,Quant Researcher/Data Scientist - Volatility Alpha Technology,"New York, NY, USA",美国,Quant,54,JD 未明确,聚合平台发现，需打开公司官网确认申请入口；学历：明确接受博士；经验：未写明最低年限；核心专业：16/30；领域迁移：5/20；工具匹配：12/15；工作授权：JD 未明确,R | Python | Statistics | Machine learning,https://www.linkedin.com/jobs/view/4475745516,https://linkedin.com/jobs/view/4475745516,,JobSpy · linkedin,quantitative researcher,2026-10-08,2026-10-09T16:51:42.258658+00:00,2026-10-09T16:51:42.258658+00:00,待官网核验
5cef97aa9ad25df5bd91a261,City of Hope,Assistant Research Professor - Biostatistician: Translational Research & Clinical Trial Specialist,"Duarte, CA, USA",美国,Pharma,53,JD 未明确,聚合平台发现，需打开公司官网确认申请入口；学历：明确接受博士；经验：未写明最低年限；核心专业：17/30；领域迁移：8/20；工具匹配：7/15；工作授权：JD 未明确,R | Statistics | Biostatistics | Clinical trials,https://click.appcast.io/t/Ex7sWMFnZxxzOsuOVzhhqw00a0ZVtruS5kb6H-DGecY=,https://click.appcast.io/t/Ex7sWMFnZxxzOsuOVzhhqw00a0ZVtruS5kb6H-DGecY=,,JobSpy · indeed,biostatistician,2026-10-06,2026-10-09T16:51:42.258658+00:00,2026-10-09T16:51:42.258658+00:00,待官网核验
665db5b220419d017592551e,Oklahoma State University Center for Health Sciences,Research Scientist GS9392,"Tulsa, OK, USA",美国,Healthcare AI,50,JD 未明确,聚合平台发现，需打开公司官网确认申请入口；学历：明确接受博士；经验：未写明最低年限；核心专业：0/30；领域迁移：14/20；工具匹配：15/15；工作授权：JD 未明确,R | Python | Statistics | Medical imaging,https://www.linkedin.com/jobs/view/4372760775,https://linkedin.com/jobs/view/4372760775,,JobSpy · linkedin,research scientist digital health,2026-10-08,2026-10-09T16:51:42.258658+00:00,2026-10-09T16:51:42.258658+00:00,待官网核验
196928626c33787681742ef0,Amazon,"Applied Scientist III, AGI Responsible AI (RAI)","Sunnyvale, CA, USA",美国,Healthcare AI,47,JD 未明确,聚合平台发现，需打开公司官网确认申请入口；学历：明确接受博士；经验：未写明最低年限；核心专业：16/30；领域迁移：13/20；工具匹配：12/15；工作授权：JD 未明确；硬技能缺口：检测到 1 类未确认的核心研发要求,R | Python | Statistics | Machine learning | Model validation,https://www.linkedin.com/jobs/view/4476712466,https://linkedin.com/jobs/view/4476712466,,JobSpy · linkedin,algorithm validation scientist,2026-10-07,2026-10-09T16:51:42.258658+00:00,2026-10-09T16:51:42.258658+00:00,待官网核验
b31f2173726db11426b1e1dd,Amazon Science,"Applied Scientist III, AGI Responsible AI (RAI)","Sunnyvale, CA, USA",美国,Healthcare AI,47,JD 未明确,聚合平台发现，需打开公司官网确认申请入口；学历：明确接受博士；经验：未写明最低年限；核心专业：16/30；领域迁移：13/20；工具匹配：12/15；工作授权：JD 未明确；硬技能缺口：检测到 1 类未确认的核心研发要求,R | Python | Statistics | Machine learning | Model validation,https://www.linkedin.com/jobs/view/4474493154,https://linkedin.com/jobs/view/4474493154,,JobSpy · linkedin,algorithm validation scientist,2026-10-07,2026-10-09T16:51:42.258658+00:00,2026-10-09T16:51:42.258658+00:00,待官网核验
b8709884e38e7dc2921ae4b6,Amazon.com,"Applied Scientist III, AGI Responsible AI (RAI)","Sunnyvale, CA, USA",美国,Healthcare AI,47,JD 未明确,聚合平台发现，需打开公司官网确认申请入口；学历：明确接受博士；经验：未写明最低年限；核心专业：16/30；领域迁移：13/20；工具匹配：12/15；工作授权：JD 未明确；硬技能缺口：检测到 1 类未确认的核心研发要求,R | Python | Statistics | Machine learning | Model validation,https://www.amazon.jobs/jobs/10571444/applied-scientist-iii-agi-responsible-ai-rai?cmpid=DA_INAD200785B,https://amazon.jobs/jobs/10571444/applied-scientist-iii-agi-responsible-ai-rai?cmpid=DA_INAD200785B,10571444,JobSpy · indeed,decision scientist experimentation,2026-10-07,2026-10-09T16:51:42.258658+00:00,2026-10-09T16:51:42.258658+00:00,待官网核验
faf1b33959b229d37815a52e,Two Sigma,Data Scientist - Campus Full-Time,"New York, USA",美国,Healthcare AI,47,JD 未明确,聚合平台发现，需打开公司官网确认申请入口；学历：明确接受博士；经验：未写明最低年限；核心专业：10/30；领域迁移：8/20；工具匹配：8/15；工作授权：JD 未明确,Python | SQL | Statistics,https://www.linkedin.com/jobs/view/4466200161,https://linkedin.com/jobs/view/4466200161,,JobSpy · linkedin,statistical scientist,2026-10-07,2026-10-09T16:51:42.258658+00:00,2026-10-09T16:51:42.258658+00:00,待官网核验
92dd1be74729abb40570b62b,Options Consulting Solutions,Quantitative Researcher,Greater Boston,美国,Quant,45,JD 未明确,聚合平台发现，需打开公司官网确认申请入口；学历：明确接受博士；经验：最低要求约 3 年；核心专业：10/30；领域迁移：5/20；工具匹配：5/15；工作授权：JD 未明确,Python | SQL | Statistics,https://www.linkedin.com/jobs/view/4445164391,https://linkedin.com/jobs/view/4445164391,,JobSpy · linkedin,quantitative researcher,2026-10-07,2026-10-09T16:51:42.258658+00:00,2026-10-09T16:51:42.258658+00:00,待官网核验
27af5335f6eff8f9e59b718b,GQR,Quantitative Researcher,"Summit, NJ, USA",美国,Quant,41,JD 未明确,聚合平台发现，需打开公司官网确认申请入口；学历：明确接受博士；经验：未写明最低年限；核心专业：10/30；领域迁移：5/20；工具匹配：5/15；工作授权：JD 未明确,Python | Statistics,https://www.linkedin.com/jobs/view/4476790132,https://linkedin.com/jobs/view/4476790132,,JobSpy · linkedin,quantitative researcher,2026-10-09,2026-10-09T16:51:42.258658+00:00,2026-10-09T16:51:42.258658+00:00,待官网核验
89db2eea10eb2ceac2a409b2,Amazon,"Applied Scientist, Special Projects","Seattle, WA, USA",美国,Healthcare AI,40,JD 未明确,聚合平台发现，需打开公司官网确认申请入口；学历：明确接受博士；经验：未写明最低年限；核心专业：6/30；领域迁移：8/20；工具匹配：5/15；工作授权：JD 未明确,Python | Machine learning,https://www.linkedin.com/jobs/view/4459174699,https://linkedin.com/jobs/view/4459174699,,JobSpy · linkedin,applied scientist healthcare,2026-10-08,2026-10-09T16:51:42.258658+00:00,2026-10-09T16:51:42.258658+00:00,待官网核验
287f4855f04277f32ff2aad5,Numerator,Data Scientist (Bayesian Inference),"Chicago, IL, USA",美国,Healthcare AI,40,JD 未明确,聚合平台发现，需打开公司官网确认申请入口；学历：明确接受博士；经验：最低要求约 2 年；核心专业：10/30；领域迁移：0/20；工具匹配：5/15；工作授权：JD 未明确,Python | Statistics | Model validation,https://www.linkedin.com/jobs/view/4469299230,https://linkedin.com/jobs/view/4469299230,,JobSpy · linkedin,statistical scientist,2026-10-09,2026-10-09T16:51:42.258658+00:00,2026-10-09T16:51:42.258658+00:00,待官网核验
63e1c970bbb5341efdd82f3f,University of South Florida,Research Scientist,"Tampa, FL, USA",美国,Healthcare AI,37,可能支持,聚合平台发现，需打开公司官网确认申请入口；学历：明确接受博士；经验：未写明最低年限；核心专业：0/30；领域迁移：8/20；工具匹配：0/15；工作授权：可能支持,,https://fa-ewkd-saasfaprod1.fa.ocs.oraclecloud.com/hcmUI/CandidateExperience/en/sites/CX_1/requisitions/preview/44517,https://fa-ewkd-saasfaprod1.fa.ocs.oraclecloud.com/hcmUI/CandidateExperience/en/sites/CX_1/requisitions/preview/44517,,JobSpy · indeed,research scientist health data,2026-10-09,2026-10-09T16:51:42.258658+00:00,2026-10-09T16:51:42.258658+00:00,待官网核验
fed980009cadb9585c5ad3ad,Emory University,Epidemiologist - Rollins School of Public Health,"Atlanta, GA, USA",美国,Pharma,34,JD 未明确,聚合平台发现，需打开公司官网确认申请入口；学历：明确接受博士；经验：未写明最低年限；核心专业：0/30；领域迁移：6/20；工具匹配：7/15；工作授权：JD 未明确,R | Statistics,https://www.linkedin.com/jobs/view/4474093576,https://linkedin.com/jobs/view/4474093576,,JobSpy · linkedin,real world evidence scientist,2026-10-06,2026-10-09T16:51:42.258658+00:00,2026-10-09T16:51:42.258658+00:00,待官网核验
8a78c1b26a8c740a8774b2d6,Medical College of Wisconsin,Research Scientist II - OB/GYN,"Milwaukee, WI, USA",美国,Pharma,29,JD 未明确,聚合平台发现，需打开公司官网确认申请入口；学历：明确接受博士；经验：未写明最低年限；核心专业：0/30；领域迁移：8/20；工具匹配：0/15；工作授权：JD 未明确,Statistics | Biostatistics,https://www.linkedin.com/jobs/view/4449435163,https://linkedin.com/jobs/view/4449435163,,JobSpy · linkedin,research scientist health data,2026-10-07,2026-10-09T16:51:42.258658+00:00,2026-10-09T16:51:42.258658+00:00,待官网核验
619a4522919f85ee1b098780,Roboflow,Research Scientist,"San Francisco, CA, USA",美国,Healthcare AI,27,JD 未明确,聚合平台发现，需打开公司官网确认申请入口；学历：明确接受博士；经验：未写明最低年限；核心专业：6/30；领域迁移：0/20；工具匹配：0/15；工作授权：JD 未明确,Machine learning,https://www.linkedin.com/jobs/view/4476234669,https://linkedin.com/jobs/view/4476234669,,JobSpy · linkedin,algorithm validation scientist,2026-10-09,2026-10-09T16:51:42.258658+00:00,2026-10-09T16:51:42.258658+00:00,待官网核验
a10471b59233281701821b29,R1 RCM,Research Scientist (R37),USA,美国,Healthcare AI,25,JD 未明确,聚合平台发现，需打开公司官网确认申请入口；学历：明确接受博士；经验：未写明最低年限；核心专业：6/30；领域迁移：13/20；工具匹配：0/15；工作授权：JD 未明确；硬技能缺口：检测到 1 类未确认的核心研发要求,Machine learning,https://www.linkedin.com/jobs/view/4477473779,https://linkedin.com/jobs/view/4477473779,,JobSpy · linkedin,applied scientist healthcare,2026-10-08,2026-10-09T16:51:42.258658+00:00,2026-10-09T16:51:42.258658+00:00,待官网核验
8d59aef14638932f89a39ae9,Percepta,Research Scientist – Optimization,"New York, NY, USA",美国,Healthcare AI,20,JD 未明确,聚合平台发现，需打开公司官网确认申请入口；学历：明确接受博士；经验：未写明最低年限；核心专业：6/30；领域迁移：8/20；工具匹配：0/15；工作授权：JD 未明确；硬技能缺口：检测到 1 类未确认的核心研发要求,Machine learning,https://www.linkedin.com/jobs/view/4367618115,https://linkedin.com/jobs/view/4367618115,,JobSpy · linkedin,quantitative researcher,2026-10-09,2026-10-09T16:51:42.258658+00:00,2026-10-09T16:51:42.258658+00:00,待官网核验
